{"cameraMode":{"drawMode":0,"name":"Shaded","section":"Shading Mode"},"sceneLighting":true,"audioPlay":false,"sceneViewState":{"m_AlwaysRefresh":false,"showFog":true,"showSkybox":true,"showFlares":true,"showImageEffects":true,"showParticleSystems":true,"showVisualEffectGraphs":true,"m_FxEnabled":true},"in2DMode":false,"pivot":{"x":-13.793970108032227,"y":1.7858805656433106,"z":-1.9648034572601319},"rotation":{"x":-0.003244155552238226,"y":0.7852756977081299,"z":-0.004333593882620335,"w":-0.6192370057106018},"size":4.669546127319336,"orthographic":false}